<?xml version="1.0" encoding="UTF-8"?>
<AlgorithmTabRoot>
    <Tabs>
        <Tab Name="Tab_Basic Params">
            <Categorys>
                <Category Name="Settings">
                    <Items>
                        <ModelPanel>
                            <Visibility>Beginner</Visibility>
                            <AccessMode>0</AccessMode>
                        </ModelPanel>
                    </Items>
                </Category>
            </Categorys>
        </Tab>
    </Tabs>
    <BottomExcuteButtonsLeft>
        <Button_ResetAlgoParams Name="Button_ResetAlgoParams">
            <Visibility>Beginner</Visibility>
            <AccessMode>O</AccessMode>
        </Button_ResetAlgoParams>
    </BottomExcuteButtonsLeft>
    <BottomExcuteButtons>
        <GroupLinkItem Name="BottomCommandGroup">
            <LinkName>BottomCommandGroup</LinkName>
        </GroupLinkItem>
    </BottomExcuteButtons>
</AlgorithmTabRoot>
